Field,Class,Package,HasGetter
INDENT_STRING,MapUtils,org.apache.commons.collections4,No
serialVersionUID,PredicatedQueue,org.apache.commons.collections4.queue,No
serialVersionUID,UnmodifiableQueue,org.apache.commons.collections4.queue,No
serialVersionUID,AbstractQueueDecorator,org.apache.commons.collections4.queue,No
serialVersionUID,CircularFifoQueue,org.apache.commons.collections4.queue,No
elements,CircularFifoQueue,org.apache.commons.collections4.queue,No
start,CircularFifoQueue,org.apache.commons.collections4.queue,No
maxElements,CircularFifoQueue,org.apache.commons.collections4.queue,No
end,CircularFifoQueue,org.apache.commons.collections4.queue,No
full,CircularFifoQueue,org.apache.commons.collections4.queue,No
serialVersionUID,TransformedQueue,org.apache.commons.collections4.queue,No
serialVersionUID,SynchronizedQueue,org.apache.commons.collections4.queue,No
serialVersionUID,UnmodifiableMultiSet,org.apache.commons.collections4.multiset,No
serialVersionUID,AbstractMultiSetDecorator,org.apache.commons.collections4.multiset,No
serialVersionUID,HashMultiSet,org.apache.commons.collections4.multiset,No
modCount,AbstractMapMultiSet,org.apache.commons.collections4.multiset,No
size,AbstractMapMultiSet,org.apache.commons.collections4.multiset,No
map,AbstractMapMultiSet,org.apache.commons.collections4.multiset,No
entrySet,AbstractMultiSet,org.apache.commons.collections4.multiset,No
uniqueSet,AbstractMultiSet,org.apache.commons.collections4.multiset,No
serialVersionUID,PredicatedMultiSet,org.apache.commons.collections4.multiset,No
serialVersionUID,SynchronizedMultiSet,org.apache.commons.collections4.multiset,No
vUp,SequencesComparator,org.apache.commons.collections4.sequence,No
vDown,SequencesComparator,org.apache.commons.collections4.sequence,No
equator,SequencesComparator,org.apache.commons.collections4.sequence,No
sequence1,SequencesComparator,org.apache.commons.collections4.sequence,No
sequence2,SequencesComparator,org.apache.commons.collections4.sequence,No
pendingDeletions,ReplacementsFinder,org.apache.commons.collections4.sequence,No
handler,ReplacementsFinder,org.apache.commons.collections4.sequence,No
pendingInsertions,ReplacementsFinder,org.apache.commons.collections4.sequence,No
skipped,ReplacementsFinder,org.apache.commons.collections4.sequence,No
object,EditCommand,org.apache.commons.collections4.sequence,No
lcsLength,EditScript,org.apache.commons.collections4.sequence,No
commands,EditScript,org.apache.commons.collections4.sequence,No
modifications,EditScript,org.apache.commons.collections4.sequence,Yes
serialVersionUID,FunctorException,org.apache.commons.collections4,No
serialVersionUID,AbstractSerializableListDecorator,org.apache.commons.collections4.list,No
serialVersionUID,GrowthList,org.apache.commons.collections4.list,No
size,TreeList,org.apache.commons.collections4.list,No
root,TreeList,org.apache.commons.collections4.list,No
serialVersionUID,FixedSizeList,org.apache.commons.collections4.list,No
maximumCacheSize,NodeCachingLinkedList,org.apache.commons.collections4.list,No
serialVersionUID,NodeCachingLinkedList,org.apache.commons.collections4.list,No
cacheSize,NodeCachingLinkedList,org.apache.commons.collections4.list,No
DEFAULT_MAXIMUM_CACHE_SIZE,NodeCachingLinkedList,org.apache.commons.collections4.list,No
firstCachedNode,NodeCachingLinkedList,org.apache.commons.collections4.list,No
serialVersionUID,AbstractListDecorator,org.apache.commons.collections4.list,No
serialVersionUID,UnmodifiableList,org.apache.commons.collections4.list,No
serialVersionUID,PredicatedList,org.apache.commons.collections4.list,No
serialVersionUID,SetUniqueList,org.apache.commons.collections4.list,No
set,SetUniqueList,org.apache.commons.collections4.list,No
serialVersionUID,TransformedList,org.apache.commons.collections4.list,No
factory,LazyList,org.apache.commons.collections4.list,No
serialVersionUID,LazyList,org.apache.commons.collections4.list,No
transformer,LazyList,org.apache.commons.collections4.list,No
cursors,CursorableLinkedList,org.apache.commons.collections4.list,No
serialVersionUID,CursorableLinkedList,org.apache.commons.collections4.list,No
cursors,Cursor,org.apache.commons.collections4.list,No
serialVersionUID,Cursor,org.apache.commons.collections4.list,No
EMPTY_COMPARATOR_ARRAY,ComparatorUtils,org.apache.commons.collections4,No
serialVersionUID,TiedMapEntry,org.apache.commons.collections4.keyvalue,No
map,TiedMapEntry,org.apache.commons.collections4.keyvalue,No
key,TiedMapEntry,org.apache.commons.collections4.keyvalue,Yes
entry,AbstractMapEntryDecorator,org.apache.commons.collections4.keyvalue,No
serialVersionUID,MultiKey,org.apache.commons.collections4.keyvalue,No
keys,MultiKey,org.apache.commons.collections4.keyvalue,No
hashCode,MultiKey,org.apache.commons.collections4.keyvalue,No
value,AbstractKeyValue,org.apache.commons.collections4.keyvalue,Yes
key,AbstractKeyValue,org.apache.commons.collections4.keyvalue,Yes
serialVersionUID,OrderedProperties,org.apache.commons.collections4.properties,No
orderedKeys,OrderedProperties,org.apache.commons.collections4.properties,No
serialVersionUID,SortedProperties,org.apache.commons.collections4.properties,No
serialVersionUID,SwitchTransformer,org.apache.commons.collections4.functors,No
iTransformers,SwitchTransformer,org.apache.commons.collections4.functors,No
iPredicates,SwitchTransformer,org.apache.commons.collections4.functors,No
iDefault,SwitchTransformer,org.apache.commons.collections4.functors,No
serialVersionUID,ExceptionPredicate,org.apache.commons.collections4.functors,No
serialVersionUID,IfTransformer,org.apache.commons.collections4.functors,No
iPredicate,IfTransformer,org.apache.commons.collections4.functors,No
iTrueTransformer,IfTransformer,org.apache.commons.collections4.functors,No
iFalseTransformer,IfTransformer,org.apache.commons.collections4.functors,No
serialVersionUID,TransformerPredicate,org.apache.commons.collections4.functors,No
iTransformer,TransformerPredicate,org.apache.commons.collections4.functors,No
serialVersionUID,NOPClosure,org.apache.commons.collections4.functors,No
serialVersionUID,NullIsExceptionPredicate,org.apache.commons.collections4.functors,No
iPredicate,NullIsExceptionPredicate,org.apache.commons.collections4.functors,No
serialVersionUID,OnePredicate,org.apache.commons.collections4.functors,No
serialVersionUID,NOPTransformer,org.apache.commons.collections4.functors,No
serialVersionUID,ChainedClosure,org.apache.commons.collections4.functors,No
iClosures,ChainedClosure,org.apache.commons.collections4.functors,No
iCount,ForClosure,org.apache.commons.collections4.functors,No
iClosure,ForClosure,org.apache.commons.collections4.functors,No
iArgs,InstantiateFactory,org.apache.commons.collections4.functors,No
iClassToInstantiate,InstantiateFactory,org.apache.commons.collections4.functors,No
iConstructor,InstantiateFactory,org.apache.commons.collections4.functors,No
iParamTypes,InstantiateFactory,org.apache.commons.collections4.functors,No
serialVersionUID,ExceptionTransformer,org.apache.commons.collections4.functors,No
serialVersionUID,NullIsTruePredicate,org.apache.commons.collections4.functors,No
iPredicate,NullIsTruePredicate,org.apache.commons.collections4.functors,No
serialVersionUID,NotPredicate,org.apache.commons.collections4.functors,No
iPredicate,NotPredicate,org.apache.commons.collections4.functors,No
EMPTY_TRANSFORMER_ARRAY,ChainedTransformer,org.apache.commons.collections4.functors,No
serialVersionUID,ChainedTransformer,org.apache.commons.collections4.functors,No
iTransformers,ChainedTransformer,org.apache.commons.collections4.functors,No
serialVersionUID,AllPredicate,org.apache.commons.collections4.functors,No
serialVersionUID,InstanceofPredicate,org.apache.commons.collections4.functors,No
iType,InstanceofPredicate,org.apache.commons.collections4.functors,No
serialVersionUID,IdentityPredicate,org.apache.commons.collections4.functors,No
iValue,IdentityPredicate,org.apache.commons.collections4.functors,No
serialVersionUID,TruePredicate,org.apache.commons.collections4.functors,No
serialVersionUID,MapTransformer,org.apache.commons.collections4.functors,No
iMap,MapTransformer,org.apache.commons.collections4.functors,No
serialVersionUID,ConstantTransformer,org.apache.commons.collections4.functors,No
iConstant,ConstantTransformer,org.apache.commons.collections4.functors,No
serialVersionUID,UniquePredicate,org.apache.commons.collections4.functors,No
iSet,UniquePredicate,org.apache.commons.collections4.functors,No
serialVersionUID,NullPredicate,org.apache.commons.collections4.functors,No
serialVersionUID,ExceptionFactory,org.apache.commons.collections4.functors,No
serialVersionUID,ExceptionClosure,org.apache.commons.collections4.functors,No
serialVersionUID,PredicateTransformer,org.apache.commons.collections4.functors,No
iPredicate,PredicateTransformer,org.apache.commons.collections4.functors,No
iArgs,InstantiateTransformer,org.apache.commons.collections4.functors,No
NO_ARG_INSTANCE,InstantiateTransformer,org.apache.commons.collections4.functors,No
iParamTypes,InstantiateTransformer,org.apache.commons.collections4.functors,No
serialVersionUID,ConstantFactory,org.apache.commons.collections4.functors,No
iConstant,ConstantFactory,org.apache.commons.collections4.functors,No
serialVersionUID,FactoryTransformer,org.apache.commons.collections4.functors,No
iFactory,FactoryTransformer,org.apache.commons.collections4.functors,No
iArgs,InvokerTransformer,org.apache.commons.collections4.functors,No
iMethodName,InvokerTransformer,org.apache.commons.collections4.functors,No
iParamTypes,InvokerTransformer,org.apache.commons.collections4.functors,No
serialVersionUID,NotNullPredicate,org.apache.commons.collections4.functors,No
serialVersionUID,TransformedPredicate,org.apache.commons.collections4.functors,No
iPredicate,TransformedPredicate,org.apache.commons.collections4.functors,No
iTransformer,TransformedPredicate,org.apache.commons.collections4.functors,No
serialVersionUID,OrPredicate,org.apache.commons.collections4.functors,No
iPredicate2,OrPredicate,org.apache.commons.collections4.functors,No
iPredicate1,OrPredicate,org.apache.commons.collections4.functors,No
serialVersionUID,SwitchClosure,org.apache.commons.collections4.functors,No
iClosures,SwitchClosure,org.apache.commons.collections4.functors,No
iPredicates,SwitchClosure,org.apache.commons.collections4.functors,No
iDefault,SwitchClosure,org.apache.commons.collections4.functors,No
serialVersionUID,NonePredicate,org.apache.commons.collections4.functors,No
iDoLoop,WhileClosure,org.apache.commons.collections4.functors,No
iPredicate,WhileClosure,org.apache.commons.collections4.functors,No
iClosure,WhileClosure,org.apache.commons.collections4.functors,No
serialVersionUID,AnyPredicate,org.apache.commons.collections4.functors,No
serialVersionUID,AbstractQuantifierPredicate,org.apache.commons.collections4.functors,No
serialVersionUID,StringValueTransformer,org.apache.commons.collections4.functors,No
INSTANCE,StringValueTransformer,org.apache.commons.collections4.functors,No
serialVersionUID,IfClosure,org.apache.commons.collections4.functors,No
iPredicate,IfClosure,org.apache.commons.collections4.functors,No
iFalseClosure,IfClosure,org.apache.commons.collections4.functors,No
iTrueClosure,IfClosure,org.apache.commons.collections4.functors,No
comparator,ComparatorPredicate,org.apache.commons.collections4.functors,No
serialVersionUID,ComparatorPredicate,org.apache.commons.collections4.functors,No
criterion,ComparatorPredicate,org.apache.commons.collections4.functors,No
object,ComparatorPredicate,org.apache.commons.collections4.functors,No
serialVersionUID,EqualPredicate,org.apache.commons.collections4.functors,No
test,EqualPredicate,org.apache.commons.collections4.functors,No
equator,EqualPredicate,org.apache.commons.collections4.functors,No
serialVersionUID,FalsePredicate,org.apache.commons.collections4.functors,No
serialVersionUID,AndPredicate,org.apache.commons.collections4.functors,No
iPredicate2,AndPredicate,org.apache.commons.collections4.functors,No
iPredicate1,AndPredicate,org.apache.commons.collections4.functors,No
serialVersionUID,ClosureTransformer,org.apache.commons.collections4.functors,No
iClosure,ClosureTransformer,org.apache.commons.collections4.functors,No
serialVersionUID,NullIsFalsePredicate,org.apache.commons.collections4.functors,No
iPredicate,NullIsFalsePredicate,org.apache.commons.collections4.functors,No
serialVersionUID,TransformerClosure,org.apache.commons.collections4.functors,No
iTransformer,TransformerClosure,org.apache.commons.collections4.functors,No
serialVersionUID,DefaultEquator,org.apache.commons.collections4.functors,No
inverse,UnmodifiableOrderedBidiMap,org.apache.commons.collections4.bidimap,No
inverse,UnmodifiableSortedBidiMap,org.apache.commons.collections4.bidimap,No
serialVersionUID,DualLinkedHashBidiMap,org.apache.commons.collections4.bidimap,No
inverse,UnmodifiableBidiMap,org.apache.commons.collections4.bidimap,No
inverse,TreeBidiMap,org.apache.commons.collections4.bidimap,No
serialVersionUID,TreeBidiMap,org.apache.commons.collections4.bidimap,No
entrySet,TreeBidiMap,org.apache.commons.collections4.bidimap,No
valuesSet,TreeBidiMap,org.apache.commons.collections4.bidimap,No
nodeCount,TreeBidiMap,org.apache.commons.collections4.bidimap,No
keySet,TreeBidiMap,org.apache.commons.collections4.bidimap,No
rootNode,TreeBidiMap,org.apache.commons.collections4.bidimap,No
modifications,TreeBidiMap,org.apache.commons.collections4.bidimap,No
serialVersionUID,DualHashBidiMap,org.apache.commons.collections4.bidimap,No
valueComparator,DualTreeBidiMap,org.apache.commons.collections4.bidimap,No
comparator,DualTreeBidiMap,org.apache.commons.collections4.bidimap,No
serialVersionUID,DualTreeBidiMap,org.apache.commons.collections4.bidimap,No
delegate,UnmodifiableTrie,org.apache.commons.collections4.trie,No
serialVersionUID,UnmodifiableTrie,org.apache.commons.collections4.trie,No
serialVersionUID,AbstractPatriciaTrie,org.apache.commons.collections4.trie,No
size,AbstractPatriciaTrie,org.apache.commons.collections4.trie,No
entrySet,AbstractPatriciaTrie,org.apache.commons.collections4.trie,No
root,AbstractPatriciaTrie,org.apache.commons.collections4.trie,No
values,AbstractPatriciaTrie,org.apache.commons.collections4.trie,No
keySet,AbstractPatriciaTrie,org.apache.commons.collections4.trie,No
serialVersionUID,KeyAnalyzer,org.apache.commons.collections4.trie,No
serialVersionUID,PatriciaTrie,org.apache.commons.collections4.trie,No
serialVersionUID,StringKeyAnalyzer,org.apache.commons.collections4.trie.analyzer,No
MSB,StringKeyAnalyzer,org.apache.commons.collections4.trie.analyzer,No
serialVersionUID,AbstractBitwiseTrie,org.apache.commons.collections4.trie,No
keyAnalyzer,AbstractBitwiseTrie,org.apache.commons.collections4.trie,No
serialVersionUID,TransformedSplitMap,org.apache.commons.collections4.splitmap,No
valueTransformer,TransformedSplitMap,org.apache.commons.collections4.splitmap,No
keyTransformer,TransformedSplitMap,org.apache.commons.collections4.splitmap,No
serialVersionUID,UnmodifiableCollection,org.apache.commons.collections4.collection,No
serialVersionUID,SynchronizedCollection,org.apache.commons.collections4.collection,No
collection,SynchronizedCollection,org.apache.commons.collections4.collection,No
serialVersionUID,AbstractCollectionDecorator,org.apache.commons.collections4.collection,No
collection,AbstractCollectionDecorator,org.apache.commons.collections4.collection,No
serialVersionUID,IndexedCollection,org.apache.commons.collections4.collection,No
uniqueIndex,IndexedCollection,org.apache.commons.collections4.collection,No
index,IndexedCollection,org.apache.commons.collections4.collection,No
keyTransformer,IndexedCollection,org.apache.commons.collections4.collection,No
serialVersionUID,PredicatedCollection,org.apache.commons.collections4.collection,No
predicate,Builder,org.apache.commons.collections4.collection,No
serialVersionUID,Builder,org.apache.commons.collections4.collection,No
rejected,Builder,org.apache.commons.collections4.collection,No
accepted,Builder,org.apache.commons.collections4.collection,No
serialVersionUID,TransformedCollection,org.apache.commons.collections4.collection,No
all,CompositeCollection,org.apache.commons.collections4.collection,No
serialVersionUID,CompositeCollection,org.apache.commons.collections4.collection,No
mutator,CompositeCollection,org.apache.commons.collections4.collection,No
all,CollectionMutator,org.apache.commons.collections4.collection,No
serialVersionUID,CollectionMutator,org.apache.commons.collections4.collection,No
mutator,CollectionMutator,org.apache.commons.collections4.collection,No
serialVersionUID,UnmodifiableBoundedCollection,org.apache.commons.collections4.collection,No
serialVersionUID,ArrayStack,org.apache.commons.collections4,No
serialVersionUID,SynchronizedSortedBag,org.apache.commons.collections4.bag,No
modCount,AbstractMapBag,org.apache.commons.collections4.bag,No
size,AbstractMapBag,org.apache.commons.collections4.bag,No
uniqueSet,AbstractMapBag,org.apache.commons.collections4.bag,No
map,AbstractMapBag,org.apache.commons.collections4.bag,No
serialVersionUID,SynchronizedBag,org.apache.commons.collections4.bag,No
serialVersionUID,TreeBag,org.apache.commons.collections4.bag,No
serialVersionUID,AbstractSortedBagDecorator,org.apache.commons.collections4.bag,No
serialVersionUID,CollectionSortedBag,org.apache.commons.collections4.bag,No
serialVersionUID,UnmodifiableBag,org.apache.commons.collections4.bag,No
serialVersionUID,AbstractBagDecorator,org.apache.commons.collections4.bag,No
serialVersionUID,PredicatedSortedBag,org.apache.commons.collections4.bag,No
serialVersionUID,HashBag,org.apache.commons.collections4.bag,No
serialVersionUID,TransformedSortedBag,org.apache.commons.collections4.bag,No
serialVersionUID,TransformedBag,org.apache.commons.collections4.bag,No
serialVersionUID,UnmodifiableSortedBag,org.apache.commons.collections4.bag,No
serialVersionUID,PredicatedBag,org.apache.commons.collections4.bag,No
serialVersionUID,CollectionBag,org.apache.commons.collections4.bag,No
shape,LayeredBloomFilter,org.apache.commons.collections4.bloomfilter,Yes
layerManager,LayeredBloomFilter,org.apache.commons.collections4.bloomfilter,No
DIVIDE_BY_64,BitMaps,org.apache.commons.collections4.bloomfilter,No
size,IndexFilter,org.apache.commons.collections4.bloomfilter,No
tracker,IndexFilter,org.apache.commons.collections4.bloomfilter,No
consumer,IndexFilter,org.apache.commons.collections4.bloomfilter,No
wrapped,WrappedBloomFilter,org.apache.commons.collections4.bloomfilter,No
filters,LayerManager,org.apache.commons.collections4.bloomfilter,No
filterSupplier,LayerManager,org.apache.commons.collections4.bloomfilter,No
extendCheck,LayerManager,org.apache.commons.collections4.bloomfilter,No
filterCleanup,LayerManager,org.apache.commons.collections4.bloomfilter,No
cleanup,Builder,org.apache.commons.collections4.bloomfilter,No
supplier,Builder,org.apache.commons.collections4.bloomfilter,No
filters,Builder,org.apache.commons.collections4.bloomfilter,No
filterSupplier,Builder,org.apache.commons.collections4.bloomfilter,No
extendCheck,Builder,org.apache.commons.collections4.bloomfilter,No
filterCleanup,Builder,org.apache.commons.collections4.bloomfilter,No
cleanup,Cleanup,org.apache.commons.collections4.bloomfilter,No
supplier,Cleanup,org.apache.commons.collections4.bloomfilter,No
filters,Cleanup,org.apache.commons.collections4.bloomfilter,No
filterSupplier,Cleanup,org.apache.commons.collections4.bloomfilter,No
extendCheck,Cleanup,org.apache.commons.collections4.bloomfilter,No
filterCleanup,Cleanup,org.apache.commons.collections4.bloomfilter,No
cleanup,ExtendCheck,org.apache.commons.collections4.bloomfilter,No
supplier,ExtendCheck,org.apache.commons.collections4.bloomfilter,No
filters,ExtendCheck,org.apache.commons.collections4.bloomfilter,No
filterSupplier,ExtendCheck,org.apache.commons.collections4.bloomfilter,No
extendCheck,ExtendCheck,org.apache.commons.collections4.bloomfilter,No
filterCleanup,ExtendCheck,org.apache.commons.collections4.bloomfilter,No
initial,EnhancedDoubleHasher,org.apache.commons.collections4.bloomfilter,No
increment,EnhancedDoubleHasher,org.apache.commons.collections4.bloomfilter,No
indices,SparseBloomFilter,org.apache.commons.collections4.bloomfilter,No
shape,SparseBloomFilter,org.apache.commons.collections4.bloomfilter,Yes
shape,SimpleBloomFilter,org.apache.commons.collections4.bloomfilter,Yes
bitMap,SimpleBloomFilter,org.apache.commons.collections4.bloomfilter,No
cardinality,SimpleBloomFilter,org.apache.commons.collections4.bloomfilter,No
cells,ArrayCountingBloomFilter,org.apache.commons.collections4.bloomfilter,No
shape,ArrayCountingBloomFilter,org.apache.commons.collections4.bloomfilter,Yes
state,ArrayCountingBloomFilter,org.apache.commons.collections4.bloomfilter,No
numberOfHashFunctions,Shape,org.apache.commons.collections4.bloomfilter,Yes
LN_2,Shape,org.apache.commons.collections4.bloomfilter,No
DENOMINATOR,Shape,org.apache.commons.collections4.bloomfilter,No
numberOfBits,Shape,org.apache.commons.collections4.bloomfilter,Yes
nullsAreHigh,NullComparator,org.apache.commons.collections4.comparators,No
serialVersionUID,NullComparator,org.apache.commons.collections4.comparators,No
nonNullComparator,NullComparator,org.apache.commons.collections4.comparators,No
serialVersionUID,TransformingComparator,org.apache.commons.collections4.comparators,No
transformer,TransformingComparator,org.apache.commons.collections4.comparators,No
decorated,TransformingComparator,org.apache.commons.collections4.comparators,No
comparator,ReverseComparator,org.apache.commons.collections4.comparators,No
serialVersionUID,ReverseComparator,org.apache.commons.collections4.comparators,No
serialVersionUID,ComparatorChain,org.apache.commons.collections4.comparators,No
isLocked,ComparatorChain,org.apache.commons.collections4.comparators,No
orderingBits,ComparatorChain,org.apache.commons.collections4.comparators,No
comparatorChain,ComparatorChain,org.apache.commons.collections4.comparators,No
unknownObjectBehavior,FixedOrderComparator,org.apache.commons.collections4.comparators,Yes
serialVersionUID,FixedOrderComparator,org.apache.commons.collections4.comparators,No
isLocked,FixedOrderComparator,org.apache.commons.collections4.comparators,No
counter,FixedOrderComparator,org.apache.commons.collections4.comparators,No
map,FixedOrderComparator,org.apache.commons.collections4.comparators,No
TRUE_FIRST,BooleanComparator,org.apache.commons.collections4.comparators,No
serialVersionUID,BooleanComparator,org.apache.commons.collections4.comparators,No
trueFirst,BooleanComparator,org.apache.commons.collections4.comparators,No
FALSE_FIRST,BooleanComparator,org.apache.commons.collections4.comparators,No
serialVersionUID,ComparableComparator,org.apache.commons.collections4.comparators,No
serialVersionUID,FixedSizeMap,org.apache.commons.collections4.map,No
MAX_SEGMENTS,ConcurrentReferenceHashMap,org.apache.commons.collections4.map,No
entrySet,ConcurrentReferenceHashMap,org.apache.commons.collections4.map,No
values,ConcurrentReferenceHashMap,org.apache.commons.collections4.map,No
RETRIES_BEFORE_LOCK,ConcurrentReferenceHashMap,org.apache.commons.collections4.map,No
identityComparisons,ConcurrentReferenceHashMap,org.apache.commons.collections4.map,No
MAXIMUM_CAPACITY,ConcurrentReferenceHashMap,org.apache.commons.collections4.map,No
keySet,ConcurrentReferenceHashMap,org.apache.commons.collections4.map,No
segmentMask,ConcurrentReferenceHashMap,org.apache.commons.collections4.map,No
segmentShift,ConcurrentReferenceHashMap,org.apache.commons.collections4.map,No
segments,ConcurrentReferenceHashMap,org.apache.commons.collections4.map,No
MAX_SEGMENTS,Builder,org.apache.commons.collections4.map,No
DEFAULT_SOURCE_MAP,Builder,org.apache.commons.collections4.map,No
entrySet,Builder,org.apache.commons.collections4.map,No
sourceMap,Builder,org.apache.commons.collections4.map,No
values,Builder,org.apache.commons.collections4.map,No
initialCapacity,Builder,org.apache.commons.collections4.map,No
identityComparisons,Builder,org.apache.commons.collections4.map,No
valueReferenceType,Builder,org.apache.commons.collections4.map,No
keyReferenceType,Builder,org.apache.commons.collections4.map,No
segmentMask,Builder,org.apache.commons.collections4.map,No
segments,Builder,org.apache.commons.collections4.map,No
concurrencyLevel,Builder,org.apache.commons.collections4.map,No
loadFactor,Builder,org.apache.commons.collections4.map,No
options,Builder,org.apache.commons.collections4.map,No
RETRIES_BEFORE_LOCK,Builder,org.apache.commons.collections4.map,No
MAXIMUM_CAPACITY,Builder,org.apache.commons.collections4.map,No
keySet,Builder,org.apache.commons.collections4.map,No
segmentShift,Builder,org.apache.commons.collections4.map,No
serialVersionUID,PredicatedSortedMap,org.apache.commons.collections4.map,No
DEFAULT_BUCKETS,StaticBucketMap,org.apache.commons.collections4.map,No
buckets,StaticBucketMap,org.apache.commons.collections4.map,No
locks,StaticBucketMap,org.apache.commons.collections4.map,No
valueType,AbstractReferenceMap,org.apache.commons.collections4.map,No
keyType,AbstractReferenceMap,org.apache.commons.collections4.map,No
purgeValues,AbstractReferenceMap,org.apache.commons.collections4.map,No
queue,AbstractReferenceMap,org.apache.commons.collections4.map,No
serialVersionUID,TransformedSortedMap,org.apache.commons.collections4.map,No
serialVersionUID,CompositeMap,org.apache.commons.collections4.map,No
composite,CompositeMap,org.apache.commons.collections4.map,No
EMPTY_MAP_ARRAY,CompositeMap,org.apache.commons.collections4.map,No
mutator,CompositeMap,org.apache.commons.collections4.map,No
serialVersionUID,MapMutator,org.apache.commons.collections4.map,No
composite,MapMutator,org.apache.commons.collections4.map,No
EMPTY_MAP_ARRAY,MapMutator,org.apache.commons.collections4.map,No
mutator,MapMutator,org.apache.commons.collections4.map,No
serialVersionUID,CaseInsensitiveMap,org.apache.commons.collections4.map,No
serialVersionUID,LinkedMap,org.apache.commons.collections4.map,No
serialVersionUID,TransformedMap,org.apache.commons.collections4.map,No
serialVersionUID,UnmodifiableEntrySet,org.apache.commons.collections4.map,No
serialVersionUID,DefaultedMap,org.apache.commons.collections4.map,No
value,DefaultedMap,org.apache.commons.collections4.map,No
serialVersionUID,HashedMap,org.apache.commons.collections4.map,No
serialVersionUID,UnmodifiableSortedMap,org.apache.commons.collections4.map,No
serialVersionUID,ListOrderedMap,org.apache.commons.collections4.map,No
insertOrder,ListOrderedMap,org.apache.commons.collections4.map,No
serialVersionUID,UnmodifiableOrderedMap,org.apache.commons.collections4.map,No
serialVersionUID,UnmodifiableMap,org.apache.commons.collections4.map,No
serialVersionUID,ReferenceMap,org.apache.commons.collections4.map,No
serialVersionUID,LazySortedMap,org.apache.commons.collections4.map,No
serialVersionUID,SingletonMap,org.apache.commons.collections4.map,No
value,SingletonMap,org.apache.commons.collections4.map,Yes
key,SingletonMap,org.apache.commons.collections4.map,Yes
serialVersionUID,ReferenceIdentityMap,org.apache.commons.collections4.map,No
serialVersionUID,MultiKeyMap,org.apache.commons.collections4.map,No
key1,Flat3Map,org.apache.commons.collections4.map,No
key2,Flat3Map,org.apache.commons.collections4.map,No
serialVersionUID,Flat3Map,org.apache.commons.collections4.map,No
hash3,Flat3Map,org.apache.commons.collections4.map,No
hash2,Flat3Map,org.apache.commons.collections4.map,No
size,Flat3Map,org.apache.commons.collections4.map,No
hash1,Flat3Map,org.apache.commons.collections4.map,No
value2,Flat3Map,org.apache.commons.collections4.map,No
value1,Flat3Map,org.apache.commons.collections4.map,No
key3,Flat3Map,org.apache.commons.collections4.map,No
value3,Flat3Map,org.apache.commons.collections4.map,No
delegateMap,Flat3Map,org.apache.commons.collections4.map,No
valuesView,MultiValueMap,org.apache.commons.collections4.map,No
serialVersionUID,MultiValueMap,org.apache.commons.collections4.map,No
collectionFactory,MultiValueMap,org.apache.commons.collections4.map,No
serialVersionUID,PassiveExpiringMap,org.apache.commons.collections4.map,No
expirationMap,PassiveExpiringMap,org.apache.commons.collections4.map,No
expiringPolicy,PassiveExpiringMap,org.apache.commons.collections4.map,No
serialVersionUID,ConstantTimeToLiveExpirationPolicy,org.apache.commons.collections4.map,No
expirationMap,ConstantTimeToLiveExpirationPolicy,org.apache.commons.collections4.map,No
expiringPolicy,ConstantTimeToLiveExpirationPolicy,org.apache.commons.collections4.map,No
timeToLiveMillis,ConstantTimeToLiveExpirationPolicy,org.apache.commons.collections4.map,No
serialVersionUID,ExpirationPolicy,org.apache.commons.collections4.map,No
expirationMap,ExpirationPolicy,org.apache.commons.collections4.map,No
expiringPolicy,ExpirationPolicy,org.apache.commons.collections4.map,No
timeToLiveMillis,ExpirationPolicy,org.apache.commons.collections4.map,No
serialVersionUID,LazyMap,org.apache.commons.collections4.map,No
serialVersionUID,FixedSizeSortedMap,org.apache.commons.collections4.map,No
serialVersionUID,PredicatedMap,org.apache.commons.collections4.map,No
serialVersionUID,LRUMap,org.apache.commons.collections4.map,No
scanUntilRemovable,LRUMap,org.apache.commons.collections4.map,No
maxSize,LRUMap,org.apache.commons.collections4.map,No
lastUsedIterator,LazyIteratorChain,org.apache.commons.collections4.iterators,No
chainExhausted,LazyIteratorChain,org.apache.commons.collections4.iterators,No
currentIterator,LazyIteratorChain,org.apache.commons.collections4.iterators,No
callCounter,LazyIteratorChain,org.apache.commons.collections4.iterators,No
iterators,ZippingIterator,org.apache.commons.collections4.iterators,No
lastReturned,ZippingIterator,org.apache.commons.collections4.iterators,No
nextIterator,ZippingIterator,org.apache.commons.collections4.iterators,No
iterators,CartesianProductIterator,org.apache.commons.collections4.iterators,No
previousTuple,CartesianProductIterator,org.apache.commons.collections4.iterators,No
iterables,CartesianProductIterator,org.apache.commons.collections4.iterators,No
iterator,AbstractUntypedIteratorDecorator,org.apache.commons.collections4.iterators,No
iterators,CollatingIterator,org.apache.commons.collections4.iterators,No
comparator,CollatingIterator,org.apache.commons.collections4.iterators,Yes
lastReturned,CollatingIterator,org.apache.commons.collections4.iterators,No
valueSet,CollatingIterator,org.apache.commons.collections4.iterators,No
values,CollatingIterator,org.apache.commons.collections4.iterators,No
UNSUPPORTED_OPERATION_MESSAGE,ListIteratorWrapper,org.apache.commons.collections4.iterators,No
iterator,ListIteratorWrapper,org.apache.commons.collections4.iterators,No
wrappedIteratorIndex,ListIteratorWrapper,org.apache.commons.collections4.iterators,No
CANNOT_REMOVE_MESSAGE,ListIteratorWrapper,org.apache.commons.collections4.iterators,No
removeState,ListIteratorWrapper,org.apache.commons.collections4.iterators,No
list,ListIteratorWrapper,org.apache.commons.collections4.iterators,No
currentIndex,ListIteratorWrapper,org.apache.commons.collections4.iterators,No
index,NodeListIterator,org.apache.commons.collections4.iterators,No
nodeList,NodeListIterator,org.apache.commons.collections4.iterators,No
iterator,ReverseListIterator,org.apache.commons.collections4.iterators,No
validForUpdate,ReverseListIterator,org.apache.commons.collections4.iterators,No
list,ReverseListIterator,org.apache.commons.collections4.iterators,No
keys,PermutationIterator,org.apache.commons.collections4.iterators,No
nextPermutation,PermutationIterator,org.apache.commons.collections4.iterators,No
objectMap,PermutationIterator,org.apache.commons.collections4.iterators,No
direction,PermutationIterator,org.apache.commons.collections4.iterators,No
iterator,LoopingListIterator,org.apache.commons.collections4.iterators,No
list,LoopingListIterator,org.apache.commons.collections4.iterators,No
removed,SingletonIterator,org.apache.commons.collections4.iterators,No
beforeFirst,SingletonIterator,org.apache.commons.collections4.iterators,No
removeAllowed,SingletonIterator,org.apache.commons.collections4.iterators,No
object,SingletonIterator,org.apache.commons.collections4.iterators,No
iterator,UnmodifiableMapIterator,org.apache.commons.collections4.iterators,No
iterator,AbstractOrderedMapIteratorDecorator,org.apache.commons.collections4.iterators,No
iterator,LoopingIterator,org.apache.commons.collections4.iterators,No
collection,LoopingIterator,org.apache.commons.collections4.iterators,No
predicate,FilterIterator,org.apache.commons.collections4.iterators,Yes
nextObject,FilterIterator,org.apache.commons.collections4.iterators,No
iterator,FilterIterator,org.apache.commons.collections4.iterators,Yes
nextObjectSet,FilterIterator,org.apache.commons.collections4.iterators,No
last,EnumerationIterator,org.apache.commons.collections4.iterators,No
collection,EnumerationIterator,org.apache.commons.collections4.iterators,No
enumeration,EnumerationIterator,org.apache.commons.collections4.iterators,Yes
removed,SingletonListIterator,org.apache.commons.collections4.iterators,No
beforeFirst,SingletonListIterator,org.apache.commons.collections4.iterators,No
nextCalled,SingletonListIterator,org.apache.commons.collections4.iterators,No
object,SingletonListIterator,org.apache.commons.collections4.iterators,No
iterator,UnmodifiableListIterator,org.apache.commons.collections4.iterators,No
iterator,UnmodifiableOrderedMapIterator,org.apache.commons.collections4.iterators,No
offset,SkippingIterator,org.apache.commons.collections4.iterators,No
pos,SkippingIterator,org.apache.commons.collections4.iterators,No
iterator,TransformIterator,org.apache.commons.collections4.iterators,Yes
transformer,TransformIterator,org.apache.commons.collections4.iterators,Yes
lastItemIndex,ObjectArrayListIterator,org.apache.commons.collections4.iterators,No
iterator,EntrySetMapIterator,org.apache.commons.collections4.iterators,No
canRemove,EntrySetMapIterator,org.apache.commons.collections4.iterators,No
last,EntrySetMapIterator,org.apache.commons.collections4.iterators,No
map,EntrySetMapIterator,org.apache.commons.collections4.iterators,No
iterator,AbstractListIteratorDecorator,org.apache.commons.collections4.iterators,No
iterator,IteratorEnumeration,org.apache.commons.collections4.iterators,Yes
predicate,FilterListIterator,org.apache.commons.collections4.iterators,Yes
nextObject,FilterListIterator,org.apache.commons.collections4.iterators,No
iterator,FilterListIterator,org.apache.commons.collections4.iterators,No
nextObjectSet,FilterListIterator,org.apache.commons.collections4.iterators,No
nextIndex,FilterListIterator,org.apache.commons.collections4.iterators,No
previousObject,FilterListIterator,org.apache.commons.collections4.iterators,No
previousObjectSet,FilterListIterator,org.apache.commons.collections4.iterators,No
lastItemIndex,ArrayListIterator,org.apache.commons.collections4.iterators,No
lastUsedIterator,IteratorChain,org.apache.commons.collections4.iterators,No
isLocked,IteratorChain,org.apache.commons.collections4.iterators,No
iteratorQueue,IteratorChain,org.apache.commons.collections4.iterators,No
currentIterator,IteratorChain,org.apache.commons.collections4.iterators,No
iterator,IteratorIterable,org.apache.commons.collections4.iterators,No
typeSafeIterator,IteratorIterable,org.apache.commons.collections4.iterators,No
throwOnRemove,ExtendedIterator,org.apache.commons.collections4.iterators,No
base,ExtendedIterator,org.apache.commons.collections4.iterators,No
iterator,PeekingIterator,org.apache.commons.collections4.iterators,No
exhausted,PeekingIterator,org.apache.commons.collections4.iterators,No
slot,PeekingIterator,org.apache.commons.collections4.iterators,No
slotFilled,PeekingIterator,org.apache.commons.collections4.iterators,No
iterator,AbstractMapIteratorDecorator,org.apache.commons.collections4.iterators,No
iterator,PushbackIterator,org.apache.commons.collections4.iterators,No
items,PushbackIterator,org.apache.commons.collections4.iterators,No
iterator,UnmodifiableIterator,org.apache.commons.collections4.iterators,No
iterator,BoundedIterator,org.apache.commons.collections4.iterators,No
offset,BoundedIterator,org.apache.commons.collections4.iterators,No
max,BoundedIterator,org.apache.commons.collections4.iterators,No
pos,BoundedIterator,org.apache.commons.collections4.iterators,No
lastUsedIterator,ObjectGraphIterator,org.apache.commons.collections4.iterators,No
stack,ObjectGraphIterator,org.apache.commons.collections4.iterators,No
root,ObjectGraphIterator,org.apache.commons.collections4.iterators,No
transformer,ObjectGraphIterator,org.apache.commons.collections4.iterators,No
hasNext,ObjectGraphIterator,org.apache.commons.collections4.iterators,No
currentIterator,ObjectGraphIterator,org.apache.commons.collections4.iterators,No
currentValue,ObjectGraphIterator,org.apache.commons.collections4.iterators,No
serialVersionUID,MapBackedSet,org.apache.commons.collections4.set,No
dummyValue,MapBackedSet,org.apache.commons.collections4.set,No
map,MapBackedSet,org.apache.commons.collections4.set,No
serialVersionUID,PredicatedNavigableSet,org.apache.commons.collections4.set,No
serialVersionUID,TransformedNavigableSet,org.apache.commons.collections4.set,No
serialVersionUID,UnmodifiableSet,org.apache.commons.collections4.set,No
serialVersionUID,UnmodifiableSortedSet,org.apache.commons.collections4.set,No
serialVersionUID,PredicatedSet,org.apache.commons.collections4.set,No
serialVersionUID,AbstractSerializableSetDecorator,org.apache.commons.collections4.set,No
setOrder,ListOrderedSet,org.apache.commons.collections4.set,No
serialVersionUID,ListOrderedSet,org.apache.commons.collections4.set,No
serialVersionUID,TransformedSet,org.apache.commons.collections4.set,No
serialVersionUID,UnmodifiableNavigableSet,org.apache.commons.collections4.set,No
serialVersionUID,AbstractNavigableSetDecorator,org.apache.commons.collections4.set,No
serialVersionUID,PredicatedSortedSet,org.apache.commons.collections4.set,No
serialVersionUID,TransformedSortedSet,org.apache.commons.collections4.set,No
serialVersionUID,AbstractSetDecorator,org.apache.commons.collections4.set,No
serialVersionUID,AbstractSortedSetDecorator,org.apache.commons.collections4.set,No
all,CompositeSet,org.apache.commons.collections4.set,No
serialVersionUID,CompositeSet,org.apache.commons.collections4.set,No
mutator,CompositeSet,org.apache.commons.collections4.set,No
all,SetMutator,org.apache.commons.collections4.set,No
serialVersionUID,SetMutator,org.apache.commons.collections4.set,No
mutator,SetMutator,org.apache.commons.collections4.set,No
iterable,FluentIterable,org.apache.commons.collections4,No
DEFAULT_TOSTRING_DELIMITER,IteratorUtils,org.apache.commons.collections4,No
serialVersionUID,ArrayListValuedLinkedHashMap,org.apache.commons.collections4.multimap,No
initialListCapacity,ArrayListValuedLinkedHashMap,org.apache.commons.collections4.multimap,No
DEFAULT_INITIAL_MAP_CAPACITY,ArrayListValuedLinkedHashMap,org.apache.commons.collections4.multimap,No
DEFAULT_INITIAL_LIST_CAPACITY,ArrayListValuedLinkedHashMap,org.apache.commons.collections4.multimap,No
serialVersionUID,UnmodifiableMultiValuedMap,org.apache.commons.collections4.multimap,No
serialVersionUID,AbstractMultiValuedMapDecorator,org.apache.commons.collections4.multimap,No
map,AbstractMultiValuedMapDecorator,org.apache.commons.collections4.multimap,No
serialVersionUID,LinkedHashSetValuedLinkedHashMap,org.apache.commons.collections4.multimap,No
DEFAULT_INITIAL_SET_CAPACITY,LinkedHashSetValuedLinkedHashMap,org.apache.commons.collections4.multimap,No
DEFAULT_INITIAL_MAP_CAPACITY,LinkedHashSetValuedLinkedHashMap,org.apache.commons.collections4.multimap,No
initialSetCapacity,LinkedHashSetValuedLinkedHashMap,org.apache.commons.collections4.multimap,No
entryValuesView,AbstractMultiValuedMap,org.apache.commons.collections4.multimap,No
valuesView,AbstractMultiValuedMap,org.apache.commons.collections4.multimap,No
asMapView,AbstractMultiValuedMap,org.apache.commons.collections4.multimap,No
keysMultiSetView,AbstractMultiValuedMap,org.apache.commons.collections4.multimap,No
map,AbstractMultiValuedMap,org.apache.commons.collections4.multimap,No
serialVersionUID,HashSetValuedHashMap,org.apache.commons.collections4.multimap,No
DEFAULT_INITIAL_SET_CAPACITY,HashSetValuedHashMap,org.apache.commons.collections4.multimap,No
DEFAULT_INITIAL_MAP_CAPACITY,HashSetValuedHashMap,org.apache.commons.collections4.multimap,No
initialSetCapacity,HashSetValuedHashMap,org.apache.commons.collections4.multimap,No
serialVersionUID,TransformedMultiValuedMap,org.apache.commons.collections4.multimap,No
valueTransformer,TransformedMultiValuedMap,org.apache.commons.collections4.multimap,No
keyTransformer,TransformedMultiValuedMap,org.apache.commons.collections4.multimap,No
serialVersionUID,ArrayListValuedHashMap,org.apache.commons.collections4.multimap,No
initialListCapacity,ArrayListValuedHashMap,org.apache.commons.collections4.multimap,No
DEFAULT_INITIAL_MAP_CAPACITY,ArrayListValuedHashMap,org.apache.commons.collections4.multimap,No
DEFAULT_INITIAL_LIST_CAPACITY,ArrayListValuedHashMap,org.apache.commons.collections4.multimap,No
backingMap,SplitMapUtilsTest,org.apache.commons.collections4,No
transformedMap,SplitMapUtilsTest,org.apache.commons.collections4,No
stringToInt,SplitMapUtilsTest,org.apache.commons.collections4,No
RUNS,MapPerformance,org.apache.commons.collections4,No
TWO,MapUtilsTest,org.apache.commons.collections4,No
THREE,MapUtilsTest,org.apache.commons.collections4,No
collectionA,IteratorUtilsTest,org.apache.commons.collections4,No
iterableA,IteratorUtilsTest,org.apache.commons.collections4,No
collectionEven,IteratorUtilsTest,org.apache.commons.collections4,No
emptyCollection,IteratorUtilsTest,org.apache.commons.collections4,No
collectionOdd,IteratorUtilsTest,org.apache.commons.collections4,No
a,ListUtilsTest,org.apache.commons.collections4,No
b,ListUtilsTest,org.apache.commons.collections4,No
c,ListUtilsTest,org.apache.commons.collections4,No
d,ListUtilsTest,org.apache.commons.collections4,No
e,ListUtilsTest,org.apache.commons.collections4,No
EQUALS_TWO,ListUtilsTest,org.apache.commons.collections4,No
x,ListUtilsTest,org.apache.commons.collections4,No
fullArray,ListUtilsTest,org.apache.commons.collections4,No
fullList,ListUtilsTest,org.apache.commons.collections4,No
before,SequencesComparatorTest,org.apache.commons.collections4.sequence,No
length,SequencesComparatorTest,org.apache.commons.collections4.sequence,No
after,SequencesComparatorTest,org.apache.commons.collections4.sequence,No
cString,TransformerUtilsTest,org.apache.commons.collections4,No
cInteger,TransformerUtilsTest,org.apache.commons.collections4,No
cObject,TransformerUtilsTest,org.apache.commons.collections4,No
collectionA,CollectionUtilsTest,org.apache.commons.collections4,No
collectionB,CollectionUtilsTest,org.apache.commons.collections4,No
collectionC,CollectionUtilsTest,org.apache.commons.collections4,No
collectionD,CollectionUtilsTest,org.apache.commons.collections4,No
collectionE,CollectionUtilsTest,org.apache.commons.collections4,No
collectionC2,CollectionUtilsTest,org.apache.commons.collections4,No
collectionB2,CollectionUtilsTest,org.apache.commons.collections4,No
collectionA2,CollectionUtilsTest,org.apache.commons.collections4,No
iterableB,CollectionUtilsTest,org.apache.commons.collections4,No
iterableC,CollectionUtilsTest,org.apache.commons.collections4,No
iterableA,CollectionUtilsTest,org.apache.commons.collections4,No
EQUALS_TWO,CollectionUtilsTest,org.apache.commons.collections4,No
emptyCollection,CollectionUtilsTest,org.apache.commons.collections4,No
iterableB2,CollectionUtilsTest,org.apache.commons.collections4,No
iterableA2,CollectionUtilsTest,org.apache.commons.collections4,No
outer,BulkTestSubList,org.apache.commons.collections4.list,No
outer,TestListIterator,org.apache.commons.collections4.list,No
list,CursorableLinkedListTest,org.apache.commons.collections4.list,No
setB,SetUtilsTest,org.apache.commons.collections4,No
setA,SetUtilsTest,org.apache.commons.collections4,No
iterableA,IterableUtilsTest,org.apache.commons.collections4,No
EQUALS_TWO,IterableUtilsTest,org.apache.commons.collections4,No
emptyIterable,IterableUtilsTest,org.apache.commons.collections4,No
EVEN,IterableUtilsTest,org.apache.commons.collections4,No
iterableB,IterableUtilsTest,org.apache.commons.collections4,No
value,DefaultKeyValueTest,org.apache.commons.collections4.keyvalue,No
key,DefaultKeyValueTest,org.apache.commons.collections4.keyvalue,No
factory,AbstractPropertiesFactoryTest,org.apache.commons.collections4.properties,No
mockPredicatesToVerify,AbstractMockPredicateTest,org.apache.commons.collections4.functors,No
testValue,AbstractMockPredicateTest,org.apache.commons.collections4.functors,No
FALSE_OBJECT,EqualPredicateTest,org.apache.commons.collections4.functors,No
TRUE_OBJECT,EqualPredicateTest,org.apache.commons.collections4.functors,No
b,EqualsTestObject,org.apache.commons.collections4.functors,No
FALSE_OBJECT,EqualsTestObject,org.apache.commons.collections4.functors,No
TRUE_OBJECT,EqualsTestObject,org.apache.commons.collections4.functors,No
mockObjects,MockTestCase,org.apache.commons.collections4,No
intToString,TransformedSplitMapTest,org.apache.commons.collections4.splitmap,No
objectToClass,TransformedSplitMapTest,org.apache.commons.collections4.splitmap,No
stringToInt,TransformedSplitMapTest,org.apache.commons.collections4.splitmap,No
collection,AbstractCollectionTest,org.apache.commons.collections4.collection,Yes
confirmed,AbstractCollectionTest,org.apache.commons.collections4.collection,Yes
iVal,Mock1,org.apache.commons.collections4,No
serialVersionUID,Mock2,org.apache.commons.collections4,No
iVal,Mock2,org.apache.commons.collections4,No
serialVersionUID,Mock3,org.apache.commons.collections4,No
iVal,Mock3,org.apache.commons.collections4,No
cCounter,Mock3,org.apache.commons.collections4,No
iterableA,FluentIterableTest,org.apache.commons.collections4,No
emptyIterable,FluentIterableTest,org.apache.commons.collections4,No
EVEN,FluentIterableTest,org.apache.commons.collections4,No
iterableB,FluentIterableTest,org.apache.commons.collections4,No
iterableEven,FluentIterableTest,org.apache.commons.collections4,No
iterableOdd,FluentIterableTest,org.apache.commons.collections4,No
serialVersionUID,ObjectToStringComparator,org.apache.commons.collections4.junit,No
nullBag,PredicatedSortedBagTest,org.apache.commons.collections4.bag,No
initial,IncrementingHasher,org.apache.commons.collections4.bloomfilter,No
increment,IncrementingHasher,org.apache.commons.collections4.bloomfilter,No
shape,SetOperationsTest,org.apache.commons.collections4.bloomfilter,No
values,ArrayHasher,org.apache.commons.collections4.bloomfilter,No
shape,LayerManagerTest,org.apache.commons.collections4.bloomfilter,No
shape,ShapeTest,org.apache.commons.collections4.bloomfilter,No
ary,CountingPredicateTest,org.apache.commons.collections4.bloomfilter,No
shape,AbstractBloomFilterExtractorTest,org.apache.commons.collections4.bloomfilter,No
from1Counts,AbstractCountingBloomFilterTest,org.apache.commons.collections4.bloomfilter,No
bigHashCounts,AbstractCountingBloomFilterTest,org.apache.commons.collections4.bloomfilter,No
bigHashValue,AbstractCountingBloomFilterTest,org.apache.commons.collections4.bloomfilter,No
values,DefaultIndexExtractorTest,org.apache.commons.collections4.bloomfilter,No
TRUE_CONSUMER,AbstractCellExtractorTest,org.apache.commons.collections4.bloomfilter,No
FALSE_CONSUMER,AbstractCellExtractorTest,org.apache.commons.collections4.bloomfilter,No
TRUE_PREDICATE,AbstractIndexExtractorTest,org.apache.commons.collections4.bloomfilter,No
FALSE_PREDICATE,AbstractIndexExtractorTest,org.apache.commons.collections4.bloomfilter,No
indices,DefaultCellExtractorTest,org.apache.commons.collections4.bloomfilter,No
values,DefaultCellExtractorTest,org.apache.commons.collections4.bloomfilter,No
dbgInstrument,LayeredBloomFilterTest,org.apache.commons.collections4.bloomfilter,No
dbg,LayeredBloomFilterTest,org.apache.commons.collections4.bloomfilter,No
dbgInstrument,TimestampedBloomFilter,org.apache.commons.collections4.bloomfilter,No
dbg,TimestampedBloomFilter,org.apache.commons.collections4.bloomfilter,No
timestamp,TimestampedBloomFilter,org.apache.commons.collections4.bloomfilter,Yes
topCities,FixedOrderComparatorTest,org.apache.commons.collections4.comparators,No
serialVersionUID,ColumnComparator,org.apache.commons.collections4.comparators,No
serialVersionUID,PseudoRow,org.apache.commons.collections4.comparators,No
serialVersionUID,IdentityMap,org.apache.commons.collections4.map,No
KEY_1,MultiKeyMapCompress672Test,org.apache.commons.collections4.map,No
multiKeyMap,MultiKeyMapCompress672Test,org.apache.commons.collections4.map,No
I1A,ReferenceIdentityMapTest,org.apache.commons.collections4.map,No
I2B,ReferenceIdentityMapTest,org.apache.commons.collections4.map,No
I2A,ReferenceIdentityMapTest,org.apache.commons.collections4.map,No
I1B,ReferenceIdentityMapTest,org.apache.commons.collections4.map,No
oneFactory,LazySortedMapTest,org.apache.commons.collections4.map,No
pass,CompositeMapTest,org.apache.commons.collections4.map,No
oneFactory,LazyMapTest,org.apache.commons.collections4.map,No
ONE,SingletonMapTest,org.apache.commons.collections4.map,No
TEN,SingletonMapTest,org.apache.commons.collections4.map,No
TWO,SingletonMapTest,org.apache.commons.collections4.map,No
TWENTY,Flat3MapTest,org.apache.commons.collections4.map,No
THIRTY,Flat3MapTest,org.apache.commons.collections4.map,No
ONE,Flat3MapTest,org.apache.commons.collections4.map,No
TEN,Flat3MapTest,org.apache.commons.collections4.map,No
TWO,Flat3MapTest,org.apache.commons.collections4.map,No
THREE,Flat3MapTest,org.apache.commons.collections4.map,No
TWENTY,TestFlatMapIterator,org.apache.commons.collections4.map,No
THIRTY,TestFlatMapIterator,org.apache.commons.collections4.map,No
ONE,TestFlatMapIterator,org.apache.commons.collections4.map,No
TEN,TestFlatMapIterator,org.apache.commons.collections4.map,No
TWO,TestFlatMapIterator,org.apache.commons.collections4.map,No
THREE,TestFlatMapIterator,org.apache.commons.collections4.map,No
verboseName,BulkTest,org.apache.commons.collections4,No
name,BulkTest,org.apache.commons.collections4,Yes
emptyList,CartesianProductIteratorTest,org.apache.commons.collections4.iterators,No
numbers,CartesianProductIteratorTest,org.apache.commons.collections4.iterators,No
letters,CartesianProductIteratorTest,org.apache.commons.collections4.iterators,No
symbols,CartesianProductIteratorTest,org.apache.commons.collections4.iterators,No
collectionA,ExtendedIteratorTest,org.apache.commons.collections4.iterators,No
iterator,FilterIteratorTest,org.apache.commons.collections4.iterators,No
array,FilterIteratorTest,org.apache.commons.collections4.iterators,No
collectionInts,FilterIteratorTest,org.apache.commons.collections4.iterators,No
list,FilterIteratorTest,org.apache.commons.collections4.iterators,No
testList,PeekingIteratorTest,org.apache.commons.collections4.iterators,No
testArray,PeekingIteratorTest,org.apache.commons.collections4.iterators,No
testValue,SingletonIteratorTest,org.apache.commons.collections4.iterators,No
testValue,SingletonListIteratorTest,org.apache.commons.collections4.iterators,No
testList,SkippingIteratorTest,org.apache.commons.collections4.iterators,No
testArray,SkippingIteratorTest,org.apache.commons.collections4.iterators,No
comparator,CollatingIteratorTest,org.apache.commons.collections4.iterators,No
odds,CollatingIteratorTest,org.apache.commons.collections4.iterators,No
fib,CollatingIteratorTest,org.apache.commons.collections4.iterators,No
evens,CollatingIteratorTest,org.apache.commons.collections4.iterators,No
testList,BoundedIteratorTest,org.apache.commons.collections4.iterators,No
testArray,BoundedIteratorTest,org.apache.commons.collections4.iterators,No
nodes,NodeListIteratorTest,org.apache.commons.collections4.iterators,No
createIteratorWithStandardConstr,NodeListIteratorTest,org.apache.commons.collections4.iterators,No
testList,PushbackIteratorTest,org.apache.commons.collections4.iterators,No
testArray,PushbackIteratorTest,org.apache.commons.collections4.iterators,No
truePred,FilterListIteratorTest,org.apache.commons.collections4.iterators,No
list,FilterListIteratorTest,org.apache.commons.collections4.iterators,No
falsePred,FilterListIteratorTest,org.apache.commons.collections4.iterators,No
threePred,FilterListIteratorTest,org.apache.commons.collections4.iterators,No
oddPred,FilterListIteratorTest,org.apache.commons.collections4.iterators,No
random,FilterListIteratorTest,org.apache.commons.collections4.iterators,No
threes,FilterListIteratorTest,org.apache.commons.collections4.iterators,No
sixes,FilterListIteratorTest,org.apache.commons.collections4.iterators,No
odds,FilterListIteratorTest,org.apache.commons.collections4.iterators,No
evenPred,FilterListIteratorTest,org.apache.commons.collections4.iterators,No
fourPred,FilterListIteratorTest,org.apache.commons.collections4.iterators,No
fours,FilterListIteratorTest,org.apache.commons.collections4.iterators,No
evens,FilterListIteratorTest,org.apache.commons.collections4.iterators,No
testValue,SingletonIterator2Test,org.apache.commons.collections4.iterators,No
odds,ZippingIteratorTest,org.apache.commons.collections4.iterators,No
fib,ZippingIteratorTest,org.apache.commons.collections4.iterators,No
evens,ZippingIteratorTest,org.apache.commons.collections4.iterators,No
cString,ClosureUtilsTest,org.apache.commons.collections4,No
ZERO,ListOrderedSet2Test,org.apache.commons.collections4.set,No
ONE,ListOrderedSet2Test,org.apache.commons.collections4.set,No
TWO,ListOrderedSet2Test,org.apache.commons.collections4.set,No
THREE,ListOrderedSet2Test,org.apache.commons.collections4.set,No
ZERO,ListOrderedSetTest,org.apache.commons.collections4.set,No
ONE,ListOrderedSetTest,org.apache.commons.collections4.set,No
TWO,ListOrderedSetTest,org.apache.commons.collections4.set,No
THREE,ListOrderedSetTest,org.apache.commons.collections4.set,No
otherElements,TestSortedSetSubSet,org.apache.commons.collections4.set,Yes
lowBound,TestSortedSetSubSet,org.apache.commons.collections4.set,No
highBound,TestSortedSetSubSet,org.apache.commons.collections4.set,No
fullElements,TestSortedSetSubSet,org.apache.commons.collections4.set,Yes
type,TestSortedSetSubSet,org.apache.commons.collections4.set,No
inclusive,TestNavigableSetSubSet,org.apache.commons.collections4.set,No
otherElements,TestNavigableSetSubSet,org.apache.commons.collections4.set,Yes
lowBound,TestNavigableSetSubSet,org.apache.commons.collections4.set,No
highBound,TestNavigableSetSubSet,org.apache.commons.collections4.set,No
fullElements,TestNavigableSetSubSet,org.apache.commons.collections4.set,Yes
type,TestNavigableSetSubSet,org.apache.commons.collections4.set,No
multiSet,MultiSetUtilsTest,org.apache.commons.collections4,No
fullArray,MultiSetUtilsTest,org.apache.commons.collections4,No
